name,P_d,i_deg,M1_Msun,M2_Msun,R1_Rsun,R2_Rsun,T1_K,T2_K,logg1,logg2,P_d_err,i_deg_err,M1_Msun_err,M2_Msun_err,R1_Rsun_err,R2_Rsun_err,T1_K_err,T2_K_err,logg1_err,logg2_err,simbad_name,simbad_name_ptf,RA,Dec,SpType,simbad_resolved_name,simbad_ids,MAIN_ID
1600y^RV,1.183892,84.5,1.62,0.17,2.41,0.46,6930.0,8900.0,3.88,4.33,8e-07,2.7,0.04,0.01,0.07,0.02,100.0,110.0,0.02,0.03,PTF1 J004040.23+412521.6,PTF J004040.23+412521.6,152.51474753639994,41.4226672752,F0,PTF1 J004040.23+412521.6,,
1600ad^RV,1.0840448,86.5,1.76,0.23,1.83,0.35,8050.0,10490.0,4.16,4.72,1e-06,2.2,0.04,0.01,0.05,0.02,120.0,200.0,0.02,0.04,PTF1 J004300.75+381537.2,PTF J004300.75+381537.2,161.29706442389997,38.26033352340999,,PTF1 J004300.75+381537.2,,
1700do,3.0507582,87.4,2.4,0.81,2.34,0.33,9890.0,17100.0,4.08,5.31,2.78e-05,1.8,0.06,0.25,0.13,0.03,90.0,1400.0,0.04,0.15,PTF1 J005424.06+411126.9,PTF J005424.06+411126.9,204.00387047865001,41.19083315388999,,PTF1 J005424.06+411126.9,,
1600aa,0.6934558,78.7,1.67,0.5,1.67,0.55,7880.0,9300.0,4.21,4.67,6e-07,0.9,0.05,0.09,0.04,0.02,190.0,400.0,0.02,0.09,PTF1 J005659.72+130920.6,PTF J005659.72+130920.6,213.73258854344994,13.15576605709,,PTF1 J005659.72+130920.6,,
1601p^RV,1.2215885,83.8,1.82,0.14,1.65,0.34,8600.0,11700.0,4.26,4.54,5.1e-06,3.2,0.06,0.02,0.14,0.04,160.0,500.0,0.06,0.1,PTF1 J011909.91+435907.1,PTF J011909.91+435907.1,296.86946369699996,43.98531469788,A2IV,PTF1 J011909.91+435907.1,,
1501bh^RV,0.6204144,78.4,1.3,0.12,1.23,0.2,6870.0,11100.0,4.38,4.91,5e-07,1.9,0.04,0.01,0.07,0.01,110.0,400.0,0.04,0.06,PTF1 J012814.72+040551.9,PTF J012814.72+040551.9,330.91963339619997,4.09773396083,,PTF1 J012814.72+040551.9,,
1601q,1.2515058,80.5,1.85,0.3,1.93,0.46,8300.0,10700.0,4.13,4.58,5.1e-06,2.9,0.08,0.18,0.15,0.04,200.0,700.0,0.05,0.4,PTF1 J013336.92+470600.1,PTF J013336.92+470600.1,351.05812131179994,47.10005892964,A1IV,PTF1 J013336.92+470600.1,,
1601cl^RV,0.8917354,82.9,2.02,0.28,2.44,0.52,8290.0,10100.0,3.97,4.45,5e-07,2.9,0.06,0.01,0.07,0.02,200.0,300.0,0.02,0.03,PTF1 J014839.10+382314.5,PTF J014839.10+382314.5,47.44451490689991,38.38735589144999,A1IV,PTF1 J014839.10+382314.5,,
1402de,0.6189694,87.0,1.61,0.36,1.56,0.45,7860.0,9300.0,4.27,4.69,1.1e-06,2.5,0.04,0.13,0.07,0.02,150.0,300.0,0.03,0.23,PTF1 J021913.15+215921.9,PTF J021913.15+215921.9,162.07245371204993,21.989455565479993,,PTF1 J021913.15+215921.9,,
1607aa,0.846312,84.6,1.85,0.3,1.81,0.38,8470.0,10300.0,4.19,4.76,1.6e-06,3.4,0.05,0.07,0.08,0.02,160.0,300.0,0.03,0.13,PTF1 J071207.01+211654.9,PTF J071207.01+211654.9,180.4380208698,21.281958477939998,,PTF1 J071207.01+211654.9,,
1607v,0.7198356,82.6,1.58,0.2,1.83,0.16,7260.0,10900.0,4.11,5.32,2e-06,5.8,0.06,0.05,0.16,0.03,120.0,500.0,0.06,0.24,PTF1 J075310.42+835154.7,PTF J075310.42+835154.7,334.39823459804995,83.86520815441,,PTF1 J075310.42+835154.7,,
1607t^RV,0.8759507,76.6,1.4,0.16,1.87,0.38,6600.0,8600.0,4.04,4.48,4e-07,1.0,0.05,0.01,0.05,0.01,140.0,200.0,0.02,0.03,PTF1 J075642.49+162143.9,PTF J075642.49+162143.9,347.6558784748498,16.36221152416,,PTF1 J075642.49+162143.9,,
1607ab^RV,0.7730986,83.8,1.4,0.19,1.45,0.32,6980.0,8810.0,4.26,4.71,2e-07,2.3,0.03,0.01,0.05,0.01,100.0,80.0,0.03,0.04,PTF1 J075950.03+154319.09,PTF J075950.03+154319.09,359.3773047724496,15.72199617184,,ATO J119.9584+15.7219,,
1608ab,0.6101718,86.8,1.5,0.11,1.39,0.52,7400.0,7900.0,4.32,4.04,1.4e-06,1.9,0.06,0.1,0.04,0.02,200.0,400.0,0.02,0.24,PTF1 J080425.26+070845.24,PTF J080425.26+070845.24,16.578935918850416,7.14590424552,,CRTS J080425.2+070845,,
1612al,0.636926,86.8,1.38,0.16,1.16,0.37,7280.0,10300.0,4.45,4.5,6e-07,2.0,0.08,0.09,0.05,0.02,110.0,300.0,0.03,0.22,PTF1 J121254.27+363341.76,PTF J121254.27+363341.76,228.39254378609905,36.561612782840015,A6IV,ATO J183.2261+36.5615,,
1512bf^RV,0.6074343,87.2,1.39,0.17,1.53,0.32,6910.0,9740.0,4.21,4.65,2e-07,1.9,0.02,0.01,0.02,0.01,90.0,180.0,0.01,0.04,PTF1 J124154.58+001333.06,PTF J124154.58+001333.06,337.1617927703991,0.22584157081999998,,ATO J190.4773+00.2258,,
1613s,1.1420695,76.2,1.83,0.17,2.72,0.25,7350.0,13700.0,3.83,4.88,2.4e-06,6.0,0.08,0.05,0.3,0.05,140.0,800.0,0.08,0.28,PTF1 J133220.59+352847.28,PTF J133220.59+352847.28,166.28693335514936,35.47974149477,A7V,ATO J203.0857+35.4797,,
1613u,0.5644902,81.6,1.52,0.27,1.65,0.37,7340.0,9690.0,4.19,4.73,3e-07,2.7,0.02,0.04,0.04,0.01,70.0,160.0,0.02,0.08,PTF1 J133929.37+455055.64,PTF J133929.37+455055.64,193.08566389499927,45.84880064945,A6IV,ATO J204.8723+45.8487,,
1615ag,0.6806897,85.7,1.52,0.27,1.63,0.32,7370.0,10200.0,4.2,4.87,4.6e-06,3.3,0.05,0.07,0.05,0.02,200.0,400.0,0.02,0.13,PTF1 J150041.84-191417.23,PTF J150041.84-191417.23,137.615204189249,-19.23814812877,,UCAC4 354-070319,,
1615v,0.5594054,73.7,1.39,0.13,1.5,0.33,6920.0,9400.0,4.23,4.54,3e-07,1.4,0.03,0.03,0.04,0.01,120.0,300.0,0.02,0.17,PTF1 J150327.61+460322.78,PTF J150327.61+460322.78,147.97563086849974,46.0563182133,,ATO J225.8650+46.0563,,
1515ay,0.4642873,89.0,1.33,0.15,1.3,0.46,6800.0,7930.0,4.33,4.27,1e-07,1.1,0.03,0.04,0.02,0.01,100.0,150.0,0.01,0.1,PTF1 J150336.10+195842.16,PTF J150336.10+195842.16,148.5068306443493,19.97838746175,,CRTS J150336.0+195842,,
1615w,1.4407151,77.7,1.61,0.24,2.59,0.4,6690.0,10300.0,3.82,4.63,2.4e-06,2.7,0.05,0.05,0.14,0.03,110.0,200.0,0.04,0.14,PTF1 J152726.81+120453.54,PTF J152726.81+120453.54,237.92567458979943,12.08153963869,kA6hA5mA9,UCAC4 511-057288,,
1615ao,0.8954515,77.6,1.64,0.41,1.82,0.64,7580.0,8700.0,4.13,4.43,7e-07,0.8,0.05,0.12,0.05,0.03,170.0,160.0,0.02,0.15,PTF1 J152758.90+190751.63,PTF J152758.90+190751.63,239.93154228014956,19.13102577077,,CRTS J152758.9+190751,,
1615u,0.7777349,82.4,1.5,0.24,1.27,0.16,7400.0,12200.0,4.4,5.41,1.1e-06,4.2,0.09,0.1,0.14,0.02,200.0,600.0,0.08,0.27,PTF1 J153005.01+202157.06,PTF J153005.01+202157.06,247.8145212002995,20.365826275699998,,UCAC4 552-053246,,
1616cr,0.564969,82.5,1.4,0.07,1.36,0.46,7060.0,8000.0,4.32,3.93,2e-07,0.9,0.03,0.02,0.02,0.01,120.0,170.0,0.01,0.07,PTF1 J162342.13+231456.58,PTF J162342.13+231456.58,88.88385254490017,23.2491165482,A5V,BPS BS 16542-0030,,
1617n^RV,2.3367776,87.3,1.8,0.18,2.41,0.38,7500.0,11600.0,3.93,4.55,5.2e-06,2.1,0.04,0.02,0.12,0.03,110.0,400.0,0.04,0.07,PTF1 J173257.98+403600.93,PTF J173257.98+403600.93,348.62399105054874,40.60026821761,,UCAC4 654-060802,,
1617m^RV,3.7728999,87.8,1.68,0.14,2.57,0.69,6990.0,9320.0,3.84,3.89,8.3e-06,1.5,0.06,0.03,0.08,0.03,190.0,190.0,0.02,0.1,PTF1 J175433.50+230041.83,PTF J175433.50+230041.83,69.59360225819806,23.01162446253,,UCAC4 566-061120,,
1619l^RV,1.1599993,83.2,1.56,0.17,2.13,0.34,6870.0,9200.0,3.97,4.6,1.7e-06,4.1,0.05,0.01,0.14,0.04,120.0,150.0,0.05,0.09,PTF1 J191826.08+485302.94,PTF J191826.08+485302.94,24.129524536648713,48.884104001729995,kA4hA7mA9,ZTF J191826.06+485302.7,,
1521ct,1.1724964,83.0,1.82,0.36,1.72,0.56,8520.0,9800.0,4.23,4.5,1.4e-06,1.4,0.06,0.29,0.11,0.04,190.0,300.0,0.04,0.28,PTF1 J213318.98+254126.30,PTF J213318.98+254126.30,169.9368754147488,25.69063594424,,UCAC4 579-116626,,
1621ax,1.0181522,84.0,1.69,0.3,2.14,0.17,7350.0,11800.0,4.0,5.48,4.5e-06,4.6,0.06,0.07,0.14,0.03,170.0,700.0,0.04,0.22,PTF1 J213534.11+233313.86,PTF J213534.11+233313.86,178.38191440514802,23.55386453622,,UCAC4 568-125457,,
1521cm^RV,0.6854774,80.0,1.49,0.21,1.49,0.43,7290.0,9240.0,4.27,4.49,2e-07,1.0,0.02,0.01,0.03,0.01,70.0,90.0,0.02,0.03,PTF1 J214858.33+030417.50,PTF J214858.33+030417.50,228.64587931199932,3.07154216106,,CRTS J214858.3+030417,,
1622by,0.7486683,85.8,1.69,0.31,1.84,0.33,7700.0,11100.0,4.13,4.88,1.6e-06,3.4,0.07,0.07,0.07,0.02,300.0,1400.0,0.03,0.13,PTF1 J220719.56+085415.66,PTF J220719.56+085415.66,297.47334086684924,8.90436313626,,UCAC4 495-142916,,
1522cc,0.5717853,81.2,1.4,0.26,1.62,0.27,6860.0,9570.0,4.17,4.99,3e-07,3.1,0.04,0.04,0.05,0.01,120.0,190.0,0.02,0.08,PTF1 J225539.41+342137.72,PTF J225539.41+342137.72,118.71352909889877,34.36051168109999,,CRTS J225539.4+342138,,
1622aa,0.7661291,84.7,1.6,0.16,1.74,0.26,7500.0,10900.0,4.16,4.85,3.8e-06,4.0,0.08,0.05,0.1,0.03,300.0,1300.0,0.04,0.19,PTF1 J225652.53+390822.70,PTF J225652.53+390822.70,123.28281438074951,39.13967839502,,UCAC4 646-116578,,
1622bt,0.688416,79.2,1.65,0.29,1.74,0.29,7700.0,12200.0,4.18,4.97,4e-07,2.0,0.06,0.04,0.05,0.01,200.0,1000.0,0.02,0.08,PTF1 J225755.64+310133.67,PTF J225755.64+310133.67,127.2284630836492,31.02604588904,,ZTF J225755.64+310133.7,,
1723aj,1.1088064,85.6,1.57,0.18,2.51,0.23,6640.0,11000.0,3.84,4.98,9e-07,3.3,0.05,0.03,0.07,0.02,130.0,400.0,0.02,0.11,PTF1 J231010.08+331249.78,PTF J231010.08+331249.78,173.1302337928494,33.21383895729,,ATO J347.5419+33.2138,,
